TransactionID,PayeeID,TransactionAmount,TransactionDate,Status
34974,8570,4544.84,2023-12-21,Pending
44833,1741,3272.03,2023-12-11,Cancelled
92635,8344,1153.08,2024-02-05,Pending
64694,3656,1570.71,2024-02-14,Completed
90869,5312,3070.49,2024-05-21,Pending
12312,3915,1906.43,2024-01-28,Cancelled
37893,7266,2351.99,2024-04-06,Pending
31782,2920,1230.27,2023-11-02,Cancelled
88160,793,1192.07,2023-12-16,Cancelled
98300,9382,3496.14,2024-06-09,Completed
8227,8772,2090.65,2023-12-14,Pending
75929,8908,3052.46,2024-07-06,Pending
58971,6141,2911.99,2024-05-16,Cancelled
63743,2987,4714.73,2023-12-29,Pending
55002,898,114.41,2024-01-02,Completed
85539,4816,4266.54,2024-08-17,Pending
28747,2087,4405.67,2024-05-05,Cancelled
51154,793,3862.32,2024-03-10,Cancelled
82371,4894,2509.93,2024-03-27,Completed
92177,898,1607.21,2024-01-09,Cancelled
55640,8231,1458.61,2024-01-01,Pending
12370,2771,3357.48,2023-12-29,Completed
59804,2920,4724.22,2023-11-30,Pending
6156,2663,384.94,2024-06-09,Pending
47732,1580,2584.41,2024-07-11,Cancelled
47725,1670,4553.73,2024-03-12,Cancelled
68770,8078,1193.36,2024-04-20,Completed
74220,2129,4727.19,2023-11-27,Cancelled
46512,8078,1715.84,2024-01-12,Pending
85656,7233,2839.46,2023-11-23,Pending
56749,436,1121.36,2023-12-26,Completed
97515,2987,2102.9,2024-02-03,Completed
55806,5650,2908.64,2024-05-15,Completed
59142,8570,135.76,2024-04-25,Cancelled
6113,4390,330.08,2023-11-24,Pending
95827,1768,864.13,2024-06-01,Cancelled
66124,2660,4253.97,2024-01-09,Completed
47024,6909,775.92,2024-06-25,Cancelled
86861,2920,1734.04,2024-05-18,Pending
82584,6384,760.3,2024-04-02,Completed
46912,7632,2024,2024-07-23,Completed
23157,3445,3517.12,2024-08-10,Cancelled
41498,4746,3636.31,2024-05-10,Pending
87568,793,2593.19,2023-10-08,Cancelled
50710,6203,4347.69,2023-11-26,Cancelled
88208,1580,782.38,2024-08-19,Pending
21250,1383,2864.8,2023-12-22,Cancelled
59341,2663,3073.92,2024-01-09,Pending
20328,9929,4146.6,2023-11-23,Completed
91446,2920,1157.4,2024-08-09,Cancelled
71702,2920,4665.63,2024-02-17,Completed
20848,4348,3348.18,2023-11-10,Cancelled
17459,898,989.03,2024-02-26,Completed
52867,2233,754.37,2024-08-15,Pending
87115,2476,1229.27,2023-12-14,Pending
75318,7742,629.4,2023-10-07,Completed
82623,4390,2031.18,2024-01-14,Completed
57191,1656,778.64,2024-08-19,Cancelled
6613,1215,954,2024-03-21,Pending
56941,9382,4425.61,2024-02-27,Completed
56045,2920,4674.61,2024-05-24,Cancelled
69087,2087,2961.66,2024-06-08,Pending
93489,1580,2317.7,2024-07-21,Pending
71313,4988,2116.4,2024-03-17,Pending
29852,7233,182.54,2024-04-27,Completed
16877,2087,262.9,2024-02-17,Completed
11013,1768,4532.16,2024-09-25,Pending
95882,126,678.99,2024-03-01,Cancelled
88940,1242,2651.07,2023-11-25,Pending
22082,3042,2520.72,2024-06-02,Pending
33549,9929,2223.22,2024-06-18,Pending
24205,9626,4722.44,2024-06-27,Pending
68501,2114,2097.07,2024-08-10,Cancelled
27839,8231,1281.02,2024-09-24,Pending
61087,1580,3467.16,2024-09-12,Cancelled
5573,2087,2784.79,2023-10-11,Pending
88820,151,1273.39,2024-07-02,Cancelled
67277,8922,2787.93,2024-03-20,Completed
69183,8231,3513.72,2024-06-25,Completed
90421,9752,4778.99,2024-03-09,Completed
77330,2020,1537.69,2024-01-11,Cancelled
54849,2459,4547.05,2024-09-01,Pending
9745,1777,3578.43,2024-08-15,Cancelled
29414,4816,4164.09,2024-04-29,Cancelled
54848,818,4181.45,2024-06-02,Pending
67133,6909,3664.57,2024-09-08,Pending
9178,8922,3443.08,2024-02-24,Cancelled
76126,5590,3538.13,2023-10-23,Pending
93163,3445,2896.58,2024-09-14,Completed
32481,6909,4319.86,2024-03-02,Completed
66772,2660,2498.31,2024-05-26,Cancelled
92896,2087,1388.83,2024-09-06,Cancelled
11149,6306,2930.63,2023-12-14,Completed
2797,4348,2015.28,2023-11-06,Cancelled
89188,5590,1298.92,2024-03-27,Completed
36638,436,2465.02,2024-02-27,Cancelled
57806,2233,2774.79,2024-02-07,Pending
6528,1741,4587.86,2024-03-04,Cancelled
84079,5945,1491.36,2024-03-25,Pending
24914,6306,681.39,2024-05-03,Cancelled
26418,2069,1341.23,2024-06-23,Pending
69954,9752,4283.54,2024-08-25,Completed
92879,8078,1085.69,2024-03-04,Completed
19508,2660,4973.13,2023-12-31,Pending
63448,932,2503.43,2024-03-31,Cancelled
6788,1670,665.05,2024-05-19,Completed
97606,1768,4681.59,2024-08-27,Completed
16359,2476,2585.47,2024-06-11,Pending
91798,2013,4124.3,2023-10-07,Cancelled
58917,1242,1521.06,2024-07-08,Cancelled
93924,2824,4554.61,2024-05-22,Cancelled
19033,7405,3151.82,2024-08-05,Completed
98674,8922,3269.83,2024-06-14,Completed
27347,3445,3016.67,2023-11-07,Pending
18941,8922,1997.2,2024-01-26,Cancelled
89461,9886,3135.45,2024-03-15,Cancelled
47589,2660,1383.52,2023-10-21,Pending
12319,1215,2359.85,2024-01-06,Completed
83764,2660,4521.28,2024-08-23,Cancelled
6938,7742,2499.06,2024-06-02,Pending
45040,7405,3664.42,2024-04-19,Completed
62853,2020,1463.25,2024-02-11,Cancelled
95640,1777,935.15,2023-12-06,Cancelled
90781,1741,3595.15,2024-05-14,Pending
10441,2069,287.26,2024-08-12,Completed
40245,3042,2092.24,2024-02-23,Cancelled
10,2771,4803.24,2024-04-09,Cancelled
82506,1580,924.59,2023-12-31,Pending
53976,8083,4545.34,2024-04-18,Cancelled
40548,6909,1014.23,2024-02-01,Completed
85023,9752,1140.75,2024-06-06,Completed
90220,5553,3927.35,2024-05-12,Pending
25222,1768,4514.39,2024-05-22,Completed
44375,8231,4786.15,2023-12-12,Cancelled
87573,3656,4411.88,2024-07-17,Completed
4232,4816,4814.21,2024-02-03,Cancelled
97853,8078,1979.31,2023-11-22,Cancelled
53745,898,2781.33,2024-03-22,Completed
51949,8273,279.73,2024-03-24,Completed
65918,8310,3127.42,2024-06-13,Cancelled
87178,7219,3756.48,2023-11-12,Cancelled
31355,126,1060.74,2023-10-18,Cancelled
73313,5575,1467,2024-09-17,Cancelled
56485,1383,3675.17,2023-11-05,Pending
16699,3445,3415.86,2023-10-06,Cancelled
70053,6435,440.02,2024-08-25,Completed
98996,4027,4379.26,2024-01-28,Cancelled
19409,2476,553.95,2024-02-03,Cancelled
83261,2020,4152.04,2024-05-11,Pending
49070,9929,3686.58,2024-06-22,Pending
21594,4816,2669.88,2023-12-22,Cancelled
92159,8310,4338.96,2023-12-09,Cancelled
15706,8833,1169.47,2024-07-29,Completed
46980,8078,2288.73,2023-12-24,Pending
26480,3449,2608.67,2024-01-05,Cancelled
5998,8078,1464.82,2023-12-23,Completed
23002,7089,4163.35,2024-07-11,Cancelled
10262,5575,2630.39,2024-03-28,Pending
23021,151,3983.81,2024-09-26,Cancelled
26780,2233,3801.79,2024-09-05,Cancelled
27029,898,3514.37,2024-01-31,Pending
22364,5590,1961.26,2023-12-14,Cancelled
80396,4894,2919.2,2024-04-16,Cancelled
29926,2069,4781.02,2023-10-05,Completed
89545,4410,1403.77,2024-07-12,Pending
52963,2266,3821.98,2024-07-25,Completed
48666,3445,1640.98,2024-08-10,Pending
8130,4816,2637.31,2023-11-26,Cancelled
40107,1383,3809.55,2024-07-11,Cancelled
70231,3656,4213.29,2024-08-23,Completed
89759,7233,3479.6,2024-05-05,Cancelled
89328,5650,1397.98,2023-10-21,Pending
94714,8310,1849.48,2024-08-05,Cancelled
16205,436,4713.68,2024-01-10,Pending
30624,3042,4843.34,2023-12-30,Completed
30465,436,2204.52,2024-04-28,Cancelled
51187,2660,3002.68,2024-03-25,Cancelled
44907,793,3565.18,2024-01-22,Cancelled
64711,5240,4306.53,2024-08-26,Completed
59782,5575,2014.12,2024-06-14,Cancelled
31193,2550,2798.44,2023-11-05,Pending
5276,2920,174.28,2024-06-23,Cancelled
59438,8833,2340.52,2024-08-19,Cancelled
12970,2835,373.14,2023-12-11,Completed
57406,793,4455.5,2024-02-27,Completed
5585,4816,2250.92,2024-03-20,Cancelled
38061,5553,3861.41,2024-06-11,Pending
98778,8233,3635.59,2024-05-09,Completed
38683,5240,1672.28,2023-10-26,Cancelled
30852,8908,3190.57,2024-08-23,Completed
70726,2753,2458.52,2023-10-07,Cancelled
16385,8078,4072.53,2024-08-19,Pending
95582,7266,3140.68,2024-03-12,Pending
17234,5575,4415.91,2024-06-05,Pending
67751,436,3611.16,2023-12-13,Cancelled
74033,4894,3294.19,2024-05-14,Pending
72544,2920,4181.46,2024-03-16,Completed
27900,2824,2394.35,2024-02-12,Cancelled
70801,2114,4857.07,2024-09-12,Cancelled
49744,7729,3897.98,2023-10-14,Completed
21619,5575,3688.78,2023-12-29,Completed
69114,4410,1530.94,2023-12-25,Pending
25267,7632,3607.42,2023-10-29,Completed
47568,7089,4788.34,2023-11-16,Pending
94974,2920,3318.74,2024-02-11,Cancelled
53661,4390,3043.42,2024-09-28,Completed
74616,2660,325.46,2024-07-04,Pending
34467,2835,157.69,2023-12-22,Completed
7727,2020,3274.46,2023-12-11,Cancelled
16564,2114,1389.95,2023-11-07,Cancelled
16514,4489,4605.81,2024-05-10,Completed
82516,7266,2427.89,2023-11-26,Completed
19799,5650,2462.95,2024-05-12,Completed
69212,2753,1888.42,2023-11-09,Cancelled
62882,1741,1809.42,2024-06-26,Completed
76021,4348,993.59,2024-09-04,Cancelled
43537,793,896.76,2024-08-04,Cancelled
73659,2129,2173.69,2024-05-24,Completed
52845,3449,2598.33,2023-12-20,Completed
44959,2753,132.45,2024-07-15,Pending
60470,151,3611.29,2024-01-27,Completed
3424,1741,4668.14,2024-03-28,Cancelled
87229,2013,4204.59,2023-11-21,Completed
57401,8231,1362.66,2024-04-23,Completed
81824,3445,4756.18,2023-11-01,Completed
14615,7742,1316.92,2024-01-18,Completed
59767,3445,1275.81,2024-09-19,Cancelled
99881,6306,969.85,2023-10-05,Pending
6935,7089,2522.99,2024-09-09,Cancelled
93373,818,4054.5,2023-10-05,Cancelled
36897,8083,3661.18,2024-09-12,Pending
82880,7219,4835.39,2024-03-22,Pending
77504,7632,625.46,2023-10-11,Completed
21170,1741,2790.09,2024-06-22,Cancelled
54908,151,4671.15,2024-04-14,Pending
17221,4988,1363.94,2024-04-07,Completed
11213,2920,3557.02,2024-09-20,Completed
55665,1670,4586.4,2023-11-06,Cancelled
28301,1777,2374.13,2024-07-10,Completed
47420,3915,4834.97,2024-07-05,Pending
92316,151,2550.32,2024-07-26,Pending
89348,3445,3107.71,2024-04-27,Pending
16510,1741,3080.38,2023-12-12,Pending
62712,6306,371.17,2024-06-17,Pending
99706,1461,3705.16,2024-03-31,Pending
23290,6497,3991.81,2024-07-18,Completed
32357,1383,4770.51,2024-09-23,Completed
13161,8908,2083.64,2024-09-19,Pending
91375,8833,4696.13,2024-02-08,Pending
74045,5553,245.12,2024-03-02,Completed
14678,8078,1278.98,2024-08-24,Cancelled
60952,5945,2101.99,2024-08-04,Cancelled
95220,8344,907.99,2024-06-16,Completed
51064,4816,4685.11,2024-08-03,Pending
79240,6384,2576.19,2024-05-24,Cancelled
58081,6435,935.78,2024-01-15,Completed
97028,8078,1504.87,2024-07-12,Cancelled
15514,8908,4632.08,2023-12-28,Completed
27460,2660,4024.5,2024-07-04,Pending
77556,5575,2943.48,2024-06-05,Completed
83508,2987,1444.4,2023-11-25,Completed
13768,5575,3422.52,2024-01-31,Completed
30000,151,3018.32,2024-03-12,Pending
70077,1461,192.58,2024-08-06,Pending
13716,4746,2938.82,2023-11-28,Cancelled
88810,2266,1960.29,2023-12-07,Cancelled
95497,9511,2030.78,2024-04-28,Pending
27588,9929,2911.66,2024-08-30,Cancelled
41810,5312,3040.51,2024-04-29,Cancelled
45927,1768,1515.65,2024-05-01,Cancelled
27888,1670,2195.4,2023-12-27,Pending
12241,3445,4128.94,2024-03-19,Cancelled
12805,4348,4770.65,2023-11-11,Completed
20659,5553,1539.44,2024-06-01,Pending
93,3042,2416.19,2024-09-03,Completed
78244,1670,219.23,2023-10-24,Cancelled
93144,126,495.04,2024-09-25,Cancelled
65225,793,4761.79,2023-11-28,Completed
10504,4489,361.12,2024-01-03,Pending
45985,818,2604.6,2024-06-06,Cancelled
54935,793,1510.32,2024-02-13,Cancelled
70133,1741,4265.06,2024-08-09,Completed
45948,1215,1045.63,2024-04-10,Pending
11204,9382,302.28,2024-01-16,Completed
60719,5945,3056.09,2023-12-27,Cancelled
37046,898,1059.21,2024-08-05,Completed
54498,2087,755.43,2024-08-21,Cancelled
14065,2459,4771.81,2024-08-22,Pending
561,6435,4964.08,2024-02-20,Completed
46934,8908,4030.18,2023-12-19,Cancelled
53932,6435,2257.29,2024-09-07,Completed
60200,8015,3120.95,2024-06-25,Cancelled
95049,5312,2740.45,2024-07-18,Pending
72772,6141,2482.85,2024-05-30,Pending
13803,7024,1399.97,2024-05-27,Completed
95188,6435,1926.05,2024-02-11,Completed
52927,2266,4937.46,2024-06-30,Pending
25966,436,3500.85,2024-07-29,Pending
835,2759,2669.63,2024-06-10,Completed
65021,3656,4611.02,2024-05-27,Completed
12956,2753,4471.04,2024-09-23,Pending
58154,8570,3906.24,2024-03-30,Cancelled
21693,2759,2737.57,2023-11-23,Pending
51947,5945,4677.69,2024-03-25,Pending
14043,5312,4522.01,2024-04-26,Completed
58614,4348,1122.87,2024-01-12,Completed
85387,7729,1831.02,2024-07-01,Cancelled
62756,818,2828.91,2024-01-23,Completed
6562,9886,2026.01,2024-07-15,Completed
73488,2660,3633.93,2024-05-19,Cancelled
26837,7729,3806.35,2024-02-17,Cancelled
9628,2013,448.72,2024-02-07,Pending
59038,2920,1912.92,2023-10-31,Pending
51038,5945,4039.45,2024-06-12,Pending
61661,1741,1762.13,2024-07-13,Pending
93565,5945,4844.19,2024-02-29,Pending
52394,5590,222.49,2024-04-04,Cancelled
26517,2459,1703.85,2024-03-20,Completed
59545,2013,1217.73,2024-05-02,Cancelled
71457,2233,3729.64,2024-10-03,Completed
57699,2013,3324.66,2024-08-08,Pending
81302,1242,4330.76,2024-04-23,Pending
10864,2660,3425.9,2023-12-22,Cancelled
16638,1499,3486.43,2024-09-19,Completed
96086,2835,4154.02,2024-08-15,Pending
39933,5240,989.49,2023-12-26,Pending
25611,1768,4698.27,2024-02-03,Cancelled
25965,6141,1232.39,2024-09-25,Completed
99848,8570,4361.21,2024-01-21,Cancelled
77588,793,4381.27,2023-10-06,Cancelled
496,2835,1911.97,2024-07-29,Pending
34581,1768,1154.25,2023-11-28,Completed
19927,1215,2665.73,2024-09-09,Cancelled
21595,6497,3457.03,2024-01-04,Completed
13143,6141,2256,2023-12-03,Completed
78960,6203,922.09,2023-12-14,Cancelled
50296,2759,4764.04,2023-12-04,Completed
82029,8922,416.86,2024-03-22,Completed
38308,126,4721.66,2024-03-01,Cancelled
36540,436,1421.37,2024-06-04,Pending
68221,5575,1488.98,2024-03-07,Pending
89577,6909,2443.2,2024-05-23,Completed
49045,898,4879.54,2023-11-27,Cancelled
13979,6497,1131.37,2024-08-25,Completed
59422,8083,2491.94,2023-12-11,Cancelled
73261,4894,2315.89,2024-02-24,Cancelled
21995,5553,2108.26,2024-09-02,Pending
21499,8908,2003.34,2024-03-12,Cancelled
23082,2013,1060.35,2024-10-02,Pending
51155,2753,4988.33,2024-03-30,Cancelled
2327,4816,4135.13,2024-04-08,Cancelled
80707,1242,1996.92,2024-07-18,Cancelled
62404,8570,3239.42,2024-01-31,Pending
20137,8015,2953.54,2024-08-30,Completed
57440,6497,594.55,2023-11-24,Cancelled
77438,5945,1823.9,2024-08-21,Cancelled
1206,5590,3391.92,2023-10-21,Completed
8582,4027,1380.82,2024-07-04,Cancelled
21398,6497,2120.38,2024-09-17,Pending
87241,5650,1326.22,2024-04-29,Cancelled
40159,8233,2371.92,2023-12-05,Completed
23268,1656,1948.25,2024-10-02,Pending
50986,1499,358.64,2024-09-27,Completed
56269,8908,4541.3,2024-04-11,Cancelled
12365,4390,4165.69,2023-10-24,Pending
46734,2020,1899.53,2023-10-08,Pending
29043,1242,1109.52,2024-07-16,Pending
27779,4552,3185.85,2024-07-24,Completed
69692,3042,3531.22,2024-01-19,Cancelled
19130,6141,4477.69,2024-08-16,Completed
42998,436,168.43,2024-02-26,Cancelled
85700,2013,4436.22,2024-08-11,Cancelled
46925,4027,3697.51,2024-05-06,Cancelled
85959,1499,3198.7,2024-09-17,Pending
75639,8908,1117.48,2024-04-23,Pending
27027,2087,4257.19,2024-07-29,Pending
9847,6141,2781.58,2024-09-13,Pending
8562,8922,1791.11,2024-07-14,Cancelled
21766,2771,715.17,2024-06-30,Completed
27253,2069,1394.51,2024-04-26,Pending
4956,1656,3435.42,2023-11-15,Pending
48569,1499,1582.93,2024-06-08,Cancelled
57961,1741,935.4,2024-07-18,Cancelled
91066,7632,3253.69,2024-02-12,Completed
82336,4988,4649.24,2024-03-08,Completed
91925,1383,1758.71,2024-05-26,Pending
35691,8233,2141.08,2024-03-23,Pending
23039,9626,2069.27,2024-05-14,Cancelled
40361,4746,1099.64,2023-12-20,Cancelled
93580,1656,2716.19,2024-07-29,Pending
21330,8570,1184.12,2023-12-06,Completed
90196,4027,4297.25,2023-12-24,Cancelled
6717,8344,1470.31,2024-07-12,Cancelled
64980,6384,2123.36,2024-02-27,Completed
11098,5575,2954.76,2024-05-23,Pending
6734,6141,2070.82,2024-01-21,Pending
57880,2020,3052.08,2023-12-09,Cancelled
89195,7089,2978.6,2024-02-10,Completed
57960,7024,3992.04,2024-08-27,Cancelled
63059,8233,1957.95,2024-03-28,Completed
65415,4816,2552.61,2024-09-17,Cancelled
58421,7024,4857.67,2024-03-16,Cancelled
44825,7632,1562.55,2024-03-21,Cancelled
90483,7089,4795.63,2024-04-07,Cancelled
52436,4988,4587.44,2023-10-26,Cancelled
26668,5650,3179.28,2024-01-10,Completed
49580,4489,3807,2024-01-19,Completed
13755,6909,4353.06,2023-11-12,Pending
20256,3915,4380.48,2023-10-08,Completed
21249,898,1211.7,2024-03-03,Pending
5082,2087,4794.99,2024-01-08,Pending
90020,1461,4071.72,2023-10-13,Pending
79777,2020,3326.21,2023-11-24,Pending
56649,126,130.2,2023-12-11,Pending
8393,9929,3045.7,2024-04-02,Cancelled
1351,2663,1524.94,2024-02-12,Cancelled
81073,5575,4606.35,2023-11-14,Cancelled
3315,4746,339.74,2024-08-15,Completed
21633,7233,481.25,2024-07-21,Cancelled
80849,3915,4135.81,2024-07-26,Cancelled
99268,4489,2254.39,2023-11-20,Cancelled
1781,300,3722.28,2024-08-27,Cancelled
25130,5575,4023.88,2024-03-28,Cancelled
30663,4390,3100.3,2024-03-17,Completed
60081,3656,3936.97,2024-03-05,Completed
84200,8233,1956.32,2024-08-17,Completed
25845,3656,4671.02,2024-03-24,Cancelled
20745,6141,922.11,2023-10-06,Cancelled
24623,4894,1979.7,2024-03-01,Cancelled
27563,8078,1084.78,2024-07-15,Cancelled
76023,1812,1580.9,2024-02-11,Completed
46956,2459,4325.54,2024-01-14,Cancelled
53547,2663,3349.24,2024-03-13,Pending
17444,5312,872.89,2024-02-05,Pending
89313,7742,3679.39,2024-07-17,Pending
87748,8310,285.71,2024-02-12,Completed
59041,6141,4532.73,2023-11-05,Completed
9860,436,360.97,2024-07-11,Cancelled
45093,2987,867.39,2023-11-13,Cancelled
34012,2824,3005.97,2024-03-23,Completed
11720,898,3581.94,2024-01-21,Pending
98189,8231,3547.3,2024-05-28,Cancelled
84928,8833,4838.39,2024-04-10,Completed
65407,8231,1007.61,2024-07-11,Cancelled
43883,6384,3783.07,2024-03-04,Completed
22549,7632,1948.07,2024-04-26,Pending
37347,793,2871.14,2024-01-06,Cancelled
97229,8908,3089.06,2023-12-01,Completed
58931,7266,4334.82,2024-04-26,Completed
3965,4348,3791.84,2024-03-09,Completed
20893,1812,3268.91,2024-07-21,Pending
54740,898,276.85,2024-06-21,Cancelled
44963,5312,2350.28,2024-09-10,Cancelled
83924,151,4290.92,2023-12-01,Completed
7298,2920,478.72,2024-02-10,Cancelled
99000,1246,2522,2023-12-06,Completed
55794,436,1896.45,2024-01-28,Cancelled
43458,2771,3024.61,2023-12-27,Completed
89762,2476,4134.16,2024-08-06,Completed
34007,151,4659.06,2023-12-28,Completed
45770,3445,2687.25,2024-07-26,Completed
61365,3656,1004.52,2024-01-09,Cancelled
44878,7089,3140.64,2023-11-28,Completed
35055,5240,4938.49,2024-05-15,Pending
65897,2129,4155.02,2024-09-29,Pending
75865,3915,266.4,2024-03-09,Cancelled
88149,1499,1532.72,2024-05-22,Pending
13824,4348,2611.24,2024-09-05,Pending
90839,3042,4703.69,2024-04-14,Completed
42582,4027,4565.29,2023-10-31,Cancelled
88249,1656,832.64,2024-04-12,Completed
68833,2114,4035.98,2024-01-09,Pending
21209,2753,4028.59,2023-11-16,Completed
97003,2824,3561.62,2024-08-16,Completed
30483,8922,4784.24,2024-03-04,Completed
18902,4027,3330.73,2024-02-02,Cancelled
79180,2114,832.32,2024-02-16,Pending
25776,1461,4345.5,2024-08-14,Completed
5710,2771,2127.31,2023-12-13,Completed
33285,5553,933.6,2024-01-15,Cancelled
92222,151,754.49,2024-08-17,Cancelled
55327,2266,4188.44,2024-05-19,Cancelled
59406,4027,1524.71,2024-02-02,Cancelled
90160,5590,4510.28,2024-01-15,Completed
93896,7219,1640.39,2024-02-26,Pending
77575,2753,2361.63,2024-01-18,Cancelled
45888,898,2583.95,2024-08-05,Cancelled
36646,1656,1548.34,2023-11-23,Pending
34718,9511,991.46,2024-06-21,Completed
15261,1246,4557.85,2023-12-26,Cancelled
45291,4410,3531.86,2023-12-25,Pending
27752,5590,1445.36,2024-01-22,Pending
43503,4816,3630.79,2024-04-24,Cancelled
27936,1768,2498.7,2023-11-21,Pending
64231,7632,767.3,2024-09-13,Completed
53992,1383,2843.42,2024-01-26,Cancelled
30492,2087,4566.08,2024-08-21,Cancelled
64670,4894,2419.37,2024-06-05,Cancelled
13460,2753,829.29,2024-08-08,Completed
92423,6497,4910.32,2024-06-20,Pending
